<?xml version="1.0" encoding="UTF-8" standalone="yes"?>
<vizmap id="VizMap-2022_10_19-14_55" documentVersion="3.1">
    <visualStyle name="galFiltered Style">
        <network>
            <visualProperty default="0.0" name="NETWORK_DEPTH"/>
            <visualProperty default="true" name="NETWORK_EDGE_SELECTION"/>
            <visualProperty default="400.0" name="NETWORK_HEIGHT"/>
            <visualProperty default="false" name="NETWORK_FORCE_HIGH_DETAIL"/>
            <visualProperty default="0.0" name="NETWORK_CENTER_Y_LOCATION"/>
            <visualProperty default="0.0" name="NETWORK_CENTER_X_LOCATION"/>
            <visualProperty default="" name="NETWORK_TITLE"/>
            <visualProperty default="550.0" name="NETWORK_SIZE"/>
            <visualProperty default="true" name="NETWORK_NODE_SELECTION"/>
            <visualProperty default="#FFFFFF" name="NETWORK_BACKGROUND_PAINT"/>
            <visualProperty default="false" name="NETWORK_NODE_LABEL_SELECTION"/>
            <visualProperty default="550.0" name="NETWORK_WIDTH"/>
            <visualProperty default="0.0" name="NETWORK_CENTER_Z_LOCATION"/>
            <visualProperty default="false" name="NETWORK_ANNOTATION_SELECTION"/>
            <visualProperty default="1.0" name="NETWORK_SCALE_FACTOR"/>
        </network>
        <node>
            <dependency value="true" name="nodeCustomGraphicsSizeSync"/>
            <dependency value="true" name="nodeSizeLocked"/>
            <visualProperty default="C,C,c,0.00,0.00" name="NODE_CUSTOMGRAPHICS_POSITION_9"/>
            <visualProperty default="0.0" name="NODE_Z_LOCATION"/>
            <visualProperty default="#CCCCCC" name="NODE_BORDER_PAINT"/>
            <visualProperty default="DefaultVisualizableVisualProperty(id=NODE_CUSTOMPAINT_3, name=Node Custom Paint 3)" name="NODE_CUSTOMPAINT_3"/>
            <visualProperty default="DefaultVisualizableVisualProperty(id=NODE_CUSTOMPAINT_8, name=Node Custom Paint 8)" name="NODE_CUSTOMPAINT_8"/>
            <visualProperty default="50.0" name="NODE_CUSTOMGRAPHICS_SIZE_2"/>
            <visualProperty default="0.0" name="NODE_LABEL_ROTATION"/>
            <visualProperty default="2.0" name="NODE_BORDER_WIDTH"/>
            <visualProperty default="C,C,c,0.00,0.00" name="NODE_CUSTOMGRAPHICS_POSITION_6"/>
            <visualProperty default="50.0" name="NODE_CUSTOMGRAPHICS_SIZE_9"/>
            <visualProperty default="12" name="NODE_LABEL_FONT_SIZE">
                <continuousMapping attributeName="Degree" attributeType="float">
                    <continuousMappingPoint attrValue="1.0" equalValue="10" greaterValue="10" lesserValue="1"/>
                    <continuousMappingPoint attrValue="18.0" equalValue="40" greaterValue="1" lesserValue="40"/>
                </continuousMapping>
            </visualProperty>
            <visualProperty default="50.0" name="NODE_CUSTOMGRAPHICS_SIZE_5"/>
            <visualProperty default="DefaultVisualizableVisualProperty(id=NODE_CUSTOMPAINT_9, name=Node Custom Paint 9)" name="NODE_CUSTOMPAINT_9"/>
            <visualProperty default="org.cytoscape.cg.model.NullCustomGraphics,0,[ Remove Graphics ]," name="NODE_CUSTOMGRAPHICS_7"/>
            <visualProperty default="org.cytoscape.cg.model.NullCustomGraphics,0,[ Remove Graphics ]," name="NODE_CUSTOMGRAPHICS_1"/>
            <visualProperty default="org.cytoscape.cg.model.NullCustomGraphics,0,[ Remove Graphics ]," name="NODE_CUSTOMGRAPHICS_4"/>
            <visualProperty default="0.0" name="NODE_X_LOCATION"/>
            <visualProperty default="DefaultVisualizableVisualProperty(id=NODE_CUSTOMPAINT_6, name=Node Custom Paint 6)" name="NODE_CUSTOMPAINT_6"/>
            <visualProperty default="50.0" name="NODE_CUSTOMGRAPHICS_SIZE_6"/>
            <visualProperty default="C,C,c,0.00,0.00" name="NODE_CUSTOMGRAPHICS_POSITION_4"/>
            <visualProperty default="#333333" name="NODE_LABEL_COLOR"/>
            <visualProperty default="org.cytoscape.cg.model.NullCustomGraphics,0,[ Remove Graphics ]," name="NODE_CUSTOMGRAPHICS_3"/>
            <visualProperty default="org.cytoscape.cg.model.NullCustomGraphics,0,[ Remove Graphics ]," name="NODE_CUSTOMGRAPHICS_2"/>
            <visualProperty default="org.cytoscape.cg.model.NullCustomGraphics,0,[ Remove Graphics ]," name="NODE_CUSTOMGRAPHICS_8"/>
            <visualProperty default="#787878" name="NODE_PAINT"/>
            <visualProperty default="255" name="NODE_BORDER_TRANSPARENCY"/>
            <visualProperty default="DefaultVisualizableVisualProperty(id=NODE_CUSTOMPAINT_4, name=Node Custom Paint 4)" name="NODE_CUSTOMPAINT_4"/>
            <visualProperty default="" name="NODE_LABEL">
                <passthroughMapping attributeName="COMMON" attributeType="string"/>
            </visualProperty>
            <visualProperty default="DefaultVisualizableVisualProperty(id=NODE_CUSTOMPAINT_1, name=Node Custom Paint 1)" name="NODE_CUSTOMPAINT_1"/>
            <visualProperty default="20.0" name="NODE_WIDTH"/>
            <visualProperty default="DefaultVisualizableVisualProperty(id=NODE_CUSTOMPAINT_7, name=Node Custom Paint 7)" name="NODE_CUSTOMPAINT_7"/>
            <visualProperty default="org.cytoscape.cg.model.NullCustomGraphics,0,[ Remove Graphics ]," name="NODE_CUSTOMGRAPHICS_9"/>
            <visualProperty default="C,C,c,0.00,0.00" name="NODE_LABEL_POSITION"/>
            <visualProperty default="ROUND_RECTANGLE" name="COMPOUND_NODE_SHAPE"/>
            <visualProperty default="Dialog.plain,plain,12" name="NODE_LABEL_FONT_FACE"/>
            <visualProperty default="10.0" name="COMPOUND_NODE_PADDING"/>
            <visualProperty default="org.cytoscape.cg.model.NullCustomGraphics,0,[ Remove Graphics ]," name="NODE_CUSTOMGRAPHICS_6"/>
            <visualProperty default="0.0" name="NODE_Y_LOCATION"/>
            <visualProperty default="C,C,c,0.00,0.00" name="NODE_CUSTOMGRAPHICS_POSITION_8"/>
            <visualProperty default="200.0" name="NODE_LABEL_WIDTH"/>
            <visualProperty default="255" name="NODE_TRANSPARENCY"/>
            <visualProperty default="50.0" name="NODE_CUSTOMGRAPHICS_SIZE_4"/>
            <visualProperty default="0.0" name="NODE_DEPTH"/>
            <visualProperty default="#FFFFFF" name="NODE_FILL_COLOR">
                <continuousMapping attributeName="gal1RGexp" attributeType="float">
                    <continuousMappingPoint attrValue="-2.426" equalValue="#0066CC" greaterValue="#0066CC" lesserValue="#0066CC"/>
                    <continuousMappingPoint attrValue="0.0000001225471493171426" equalValue="#FFFFFF" greaterValue="#FFFFFF" lesserValue="#FFFFFF"/>
                    <continuousMappingPoint attrValue="2.058" equalValue="#FFFF00" greaterValue="#FFFF00" lesserValue="#FFFF00"/>
                </continuousMapping>
            </visualProperty>
            <visualProperty default="" name="NODE_TOOLTIP"/>
            <visualProperty default="DefaultVisualizableVisualProperty(id=NODE_CUSTOMPAINT_5, name=Node Custom Paint 5)" name="NODE_CUSTOMPAINT_5"/>
            <visualProperty default="#FFFF00" name="NODE_SELECTED_PAINT"/>
            <visualProperty default="true" name="NODE_NESTED_NETWORK_IMAGE_VISIBLE"/>
            <visualProperty default="50.0" name="NODE_CUSTOMGRAPHICS_SIZE_3"/>
            <visualProperty default="false" name="NODE_SELECTED"/>
            <visualProperty default="C,C,c,0.00,0.00" name="NODE_CUSTOMGRAPHICS_POSITION_2"/>
            <visualProperty default="C,C,c,0.00,0.00" name="NODE_CUSTOMGRAPHICS_POSITION_3"/>
            <visualProperty default="255" name="NODE_LABEL_TRANSPARENCY"/>
            <visualProperty default="50.0" name="NODE_SIZE">
                <continuousMapping attributeName="degree.layout" attributeType="float">
                    <continuousMappingPoint attrValue="1.0" equalValue="40.0" greaterValue="40.0" lesserValue="1.0"/>
                    <continuousMappingPoint attrValue="18.0" equalValue="150.0" greaterValue="1.0" lesserValue="150.0"/>
                </continuousMapping>
            </visualProperty>
            <visualProperty default="50.0" name="NODE_CUSTOMGRAPHICS_SIZE_8"/>
            <visualProperty default="50.0" name="NODE_CUSTOMGRAPHICS_SIZE_1"/>
            <visualProperty default="DefaultVisualizableVisualProperty(id=NODE_CUSTOMPAINT_2, name=Node Custom Paint 2)" name="NODE_CUSTOMPAINT_2"/>
            <visualProperty default="20.0" name="NODE_HEIGHT"/>
            <visualProperty default="C,C,c,0.00,0.00" name="NODE_CUSTOMGRAPHICS_POSITION_5"/>
            <visualProperty default="org.cytoscape.cg.model.NullCustomGraphics,0,[ Remove Graphics ]," name="NODE_CUSTOMGRAPHICS_5"/>
            <visualProperty default="true" name="NODE_VISIBLE"/>
            <visualProperty default="SOLID" name="NODE_BORDER_STROKE"/>
            <visualProperty default="C,C,c,0.00,0.00" name="NODE_CUSTOMGRAPHICS_POSITION_7"/>
            <visualProperty default="50.0" name="NODE_CUSTOMGRAPHICS_SIZE_7"/>
            <visualProperty default="ELLIPSE" name="NODE_SHAPE"/>
            <visualProperty default="C,C,c,0.00,0.00" name="NODE_CUSTOMGRAPHICS_POSITION_1"/>
        </node>
        <edge>
            <dependency value="false" name="arrowColorMatchesEdge"/>
            <visualProperty default="#323232" name="EDGE_PAINT"/>
            <visualProperty default="170" name="EDGE_TRANSPARENCY"/>
            <visualProperty default="#000000" name="EDGE_TARGET_ARROW_UNSELECTED_PAINT"/>
            <visualProperty default="6.0" name="EDGE_TARGET_ARROW_SIZE"/>
            <visualProperty default="#FF0000" name="EDGE_STROKE_SELECTED_PAINT"/>
            <visualProperty default="#FFFF00" name="EDGE_SOURCE_ARROW_SELECTED_PAINT"/>
            <visualProperty default="#000000" name="EDGE_SOURCE_ARROW_UNSELECTED_PAINT"/>
            <visualProperty default="" name="EDGE_LABEL"/>
            <visualProperty default="0.0" name="EDGE_Z_ORDER"/>
            <visualProperty default="" name="EDGE_TOOLTIP"/>
            <visualProperty default="255" name="EDGE_LABEL_TRANSPARENCY"/>
            <visualProperty default="6.0" name="EDGE_SOURCE_ARROW_SIZE"/>
            <visualProperty default="0.5" name="EDGE_STACKING_DENSITY"/>
            <visualProperty default="" name="EDGE_BEND"/>
            <visualProperty default="true" name="EDGE_CURVED"/>
            <visualProperty default="#000000" name="EDGE_LABEL_COLOR"/>
            <visualProperty default="SOLID" name="EDGE_LINE_TYPE"/>
            <visualProperty default="10" name="EDGE_LABEL_FONT_SIZE"/>
            <visualProperty default="0.0" name="EDGE_LABEL_ROTATION"/>
            <visualProperty default="AUTO_BEND" name="EDGE_STACKING"/>
            <visualProperty default="200.0" name="EDGE_LABEL_WIDTH"/>
            <visualProperty default="NONE" name="EDGE_TARGET_ARROW_SHAPE"/>
            <visualProperty default="true" name="EDGE_VISIBLE"/>
            <visualProperty default="#999999" name="EDGE_STROKE_UNSELECTED_PAINT"/>
            <visualProperty default="Dialog.plain,plain,10" name="EDGE_LABEL_FONT_FACE"/>
            <visualProperty default="#FFFF00" name="EDGE_TARGET_ARROW_SELECTED_PAINT"/>
            <visualProperty default="false" name="EDGE_SELECTED"/>
            <visualProperty default="#404040" name="EDGE_UNSELECTED_PAINT"/>
            <visualProperty default="#FF0000" name="EDGE_SELECTED_PAINT"/>
            <visualProperty default="2.0" name="EDGE_WIDTH"/>
            <visualProperty default="NONE" name="EDGE_SOURCE_ARROW_SHAPE"/>
        </edge>
    </visualStyle>
</vizmap>
